id;location;geolocation;primary_phone_number;secondary_phone_number;email_address
1;Agent;Human deposit;even-keeled Saint Helena Pound;Internal AI optical;bypassing Marketing
2;Dynamic Home Loan Account Tools;Branding;Home Gloves Latvia;Ports Manager Fish;Networked
3;Fish;payment calculating;local area network Benin;turn-key dedicated;Wisconsin
4;target Human withdrawal;dot-com payment Libyan Dinar;white sensor local;calculate;Chips
5;Villages uniform PCI;Automotive Tactics architectures;Wisconsin Facilitator Incredible;reinvent;eco-centric Bedfordshire mesh
6;Configuration UIC-Franc;Ergonomic Concrete Soap Zambian Kwacha;Concrete Bedfordshire;portal calculating Metal;real-time discrete redundant
7;Synergistic Personal Loan Account Sleek;Borders;olive Handcrafted Cotton Bacon Unbranded Fresh Pants;incubate;interfaces
8;Garden Dale Wallis and Futuna;generating;Computers Small Fresh Gloves back-end;interface;compress lavender Investment Account
9;backing up;Iran;Philippine Peso Metal;Strategist;card Licensed Cotton Ball
10;mindshare Gorgeous;Chips;navigating;Som Rustic Frozen Keyboard ROI;Benin
