id;day_of_the_week;start_time;end_time;description
1;SATURDAY;Chair Kentucky;blue internet solution Concrete;distributed Ranch impactful
2;THURSDAY;Nevada quantify architectures;empower;customized payment
3;WEDNESDAY;Integration Music;Pants;Avon
4;SUNDAY;Small Andorra infomediaries;Executive Regional Wisconsin;TCP parsing Networked
5;SATURDAY;hard drive Mexico Gardens;override silver orchestration;tan program
6;WEDNESDAY;Montana;Applications;Montenegro
7;THURSDAY;Bahamas;Manager open architecture;Gorgeous Metal Shoes
8;THURSDAY;users scalable;transmitting parse infrastructures;matrix Implementation Shirt
9;SATURDAY;Refined Soft Keyboard synthesizing;indigo Bacon Mouse;Programmable payment National
10;WEDNESDAY;indexing models e-enable;Money Market Account Saint Helena;Borders Grass-roots
