id;name;description
1;application Cambridgeshire;scalable connecting Fantastic
2;Creek Investment Account Buckinghamshire;Shoes Intuitive
3;synthesize Baby Credit Card Account;Portugal Persistent
4;hacking Interactions;Idaho strategize
5;value-added Savings Account;Connecticut Avon Money Market Account
6;bus;Security Virginia
7;solid state Clothing deposit;Maine Checking Account markets
8;Unbranded programming District;Concrete
9;Pizza yellow programming;FTP
10;Persistent Investment Account;Handmade Plastic Mouse neural
